{"IcoMoonType":"selection","icons":[{"icon":{"paths":["M150.016 873.984c-96.436-93.233-156.308-223.762-156.308-368.276 0-282.77 229.23-512 512-512 144.514 0 275.043 59.872 368.137 156.164l0.138 0.144c88.925 91.979 143.724 217.436 143.724 355.692 0 282.77-229.23 512-512 512-138.256 0-263.713-54.799-355.836-143.863l0.144 0.138zM460.8 563.2v204.8h102.4v-307.2h-102.4v102.4zM460.8 256v102.4h102.4v-102.4h-102.4z"],"attrs":[{}],"isMulticolor":false,"isMulticolor2":false,"tags":["information-solid"],"grid":20},"attrs":[{}],"properties":{"order":1,"id":1,"prevSize":20,"name":"information-solid","code":59649},"setIdx":0,"setId":5,"iconIdx":0},{"icon":{"paths":[],"attrs":[],"isMulticolor":false,"isMulticolor2":false,"tags":["information-solid"],"grid":20},"attrs":[],"properties":{"order":1,"id":0,"prevSize":20,"name":"information-solid1","code":59648},"setIdx":0,"setId":5,"iconIdx":1}],"height":1024,"metadata":{"name":"icomoon"},"preferences":{"showGlyphs":true,"showQuickUse":true,"showQuickUse2":true,"showSVGs":true,"fontPref":{"prefix":"icon-","metadata":{"fontFamily":"icomoon"},"metrics":{"emSize":1024,"baseline":6.25,"whitespace":50},"embed":false,"autoHost":false},"imagePref":{"prefix":"icon-","png":true,"useClassSelector":true,"color":0,"bgColor":16777215,"classSelector":".icon","name":"icomoon"},"historySize":50,"showCodes":true,"gridSize":16,"quickUsageToken":{"UntitledProject":"MDM4NDJjOWMwYzBhYWMyZWE3N2NmMDhlZjBhOTZiNmYjMSMxNTkzNTE4ODU3IyMj"}}}